user_id,name
1,User_1
2,User_2
3,User_3
4,User_4
5,User_5
6,User_6
7,User_7
8,User_8
9,User_9
10,User_10
11,User_11
12,User_12
13,User_13
14,User_14
15,User_15
16,User_16
17,User_17
18,User_18
19,User_19
20,User_20
21,User_21
22,User_22
23,User_23
24,User_24
25,User_25
26,User_26
27,User_27
28,User_28
29,User_29
30,User_30
31,User_31
32,User_32
33,User_33
34,User_34
35,User_35
36,User_36
37,User_37
38,User_38
39,User_39
40,User_40
41,User_41
42,User_42
43,User_43
44,User_44
45,User_45
46,User_46
47,User_47
48,User_48
49,User_49
50,User_50
